{
    "boys,badminton": "Boys Badminton",
    "boys,baseball": "Boys Baseball",
    "boys,basketball": "Boys Basketball",
    "boys,bowling": "Boys Bowling",
    "boys,crosscountry": "Boys Cross Country",
    "boys,fencing": "Boys Fencing",
    "boys,flagfootball": "Boys Flag Football",
    "boys,football": "Boys Football",
    "boys,golf": "Boys Golf",
    "boys,icehockey": "Boys Ice Hockey",
    "boys,indoortrackfield": "Boys Indoor Track & Field",
    "boys,judo": "Boys Judo",
    "boys,lacrosse": "Boys Lacrosse",
    "boys,rugby": "Boys Rugby",
    "boys,skisnowboard": "Boys Ski & Snowboard",
    "boys,soccer": "Boys Soccer",
    "boys,swimming": "Boys Swimming",
    "boys,tennis": "Boys Tennis",
    "boys,trackfield": "Boys Track & Field",
    "boys,volleyball": "Boys Volleyball",
    "boys,waterpolo": "Boys Water Polo",
    "boys,weightlifting": "Boys Weight Lifting",
    "boys,wheelchairsports": "Boys Wheelchair Sports",
    "boys,wrestling": "Boys Wrestling",
    "co-ed,archery": "Co-ed Archery",
    "co-ed,badminton": "Co-ed Badminton",
    "co-ed,bassfishing": "Co-ed Bass fishing",
    "co-ed,canoepaddling": "Co-ed Canoe Paddling",
    "co-ed,cheer": "Co-ed Cheer",
    "co-ed,cricket": "Co-ed Cricket",
    "co-ed,danceteam": "Co-ed Dance Team",
    "co-ed,drill": "Co-ed Drill",
    "co-ed,poms": "Co-ed Poms",
    "co-ed,riflery": "Co-ed Riflery",
    "co-ed,speech": "Co-ed Speech",
    "girls,badminton": "Girls Badminton",
    "girls,basketball": "Girls Basketball",
    "girls,beachvolleyball": "Girls Beach Volleyball",
    "girls,bowling": "Girls Bowling",
    "girls,crosscountry": "Girls Cross Country",
    "girls,fencing": "Girls Fencing",
    "girls,fieldhockey": "Girls Field Hockey",
    "girls,flagfootball": "Girls Flag Football",
    "girls,golf": "Girls Golf",
    "girls,gymnastics": "Girls Gymnastics",
    "girls,icehockey": "Girls Ice Hockey",
    "girls,indoortrackfield": "Girls Indoor Track & Field",
    "girls,judo": "Girls Judo",
    "girls,lacrosse": "Girls Lacrosse",
    "girls,rugby": "Girls Rugby",
    "girls,skisnowboard": "Girls Ski & Snowboard",
    "girls,slowpitchsoftball": "Girls Slow Pitch Softball",
    "girls,soccer": "Girls Soccer",
    "girls,softball": "Girls Softball",
    "girls,swimming": "Girls Swimming",
    "girls,tennis": "Girls Tennis",
    "girls,trackfield": "Girls Track & Field",
    "girls,volleyball": "Girls Volleyball",
    "girls,waterpolo": "Girls Water Polo",
    "girls,weightlifting": "Girls Weight Lifting",
    "girls,wheelchairsports": "Girls Wheelchair Sports",
    "girls,wrestling": "Girls Wrestling"
}